firstName,LastName,dob,company,email,phone,street,city,postalCode
 Burton G.,Tillman,1597868954,FedEx,augue.id@fedex.com,1-230-252-9206,"764 Sapien, St.",Illapel,82933
 Lani R.,Berg,1598078668,Walmart,eget.nisi@walmart.com,1-927-954-3913,Ap #221-1864 Commodo St.,Monteleone di Spoleto,65783
 Eaton V.,Jenkins,1585879861,Target,tincidunt@target.com,1-355-364-8147,"P.O. Box 741, 2191 Natoque Avenue",Governador Valadares,65402
 Caldwell T.,Kelley,1562306047,Ericsson,ultricies.ligula.Nullam@ericsson.com,1-753-628-5281,5355 Non Rd.,Jeongeup,70085
 Lev E.,Pierce,1579804804,Nokia,In.at@nokia.com,1-629-522-9102,"P.O. Box 641, 6633 Porttitor St.",Palmira,64113
 Gay O.,Silva,1618378065,Boeing,augue.id@boeing.com,1-451-796-6210,318-2676 Enim. Road,Brussel X-Luchthaven Remailing,49581
 Shoshana V.,Roy,1564856578,Tesla,Aenean.euismod.mauris@tesla.com,1-845-262-7030,Ap #326-8853 A Rd.,Balclutha,54012
 Kaden F.,Lyons,1613795326,Space X,arcu.Curabitur@space x.com,1-109-387-8616,857-6951 Enim. Av.,Stigliano,33804
 Morgan M.,Stanley,1620937318,FedEx,Quisque.libero.lacus@fedex.com,1-493-867-4376,8590 Purus Road,Paris,68799
 Nolan K.,Velez,1599234946,Walmart,adipiscing.lobortis@walmart.com,1-192-979-6367,Ap #529-8208 Posuere Ave,Linton,80785
 Kristen V.,Cotton,1581604501,Target,neque.venenatis.lacus@target.com,1-382-703-4597,8061 Ac St.,Dortmund,29921
 Cadman H.,Fox,1569228003,Ericsson,ante.Maecenas@ericsson.com,1-368-264-2991,1962 Nunc Ave,Pfungstadt,67307
 Barbara A.,Callahan,1569089508,Nokia,bibendum.ullamcorper@nokia.com,1-393-815-2130,"P.O. Box 994, 7674 Nonummy Avenue",Lleida,76599
 Kamal L.,Mccall,1608402801,Boeing,semper.tellus.id@boeing.com,1-249-126-3299,Ap #669-1321 Mattis Ave,Maaseik,72519
 Priscilla I.,Bauer,1593904664,Tesla,eu@tesla.com,1-933-870-7660,"P.O. Box 355, 8845 A, Road",Belogorsk,10210
 Paul W.,Shannon,1563916428,Space X,nec@space x.com,1-790-299-4647,Ap #730-4931 Sed Road,Winnipeg,17650
 Rigel R.,Hensley,1563434883,FedEx,enim@fedex.com,1-636-223-2190,"P.O. Box 530, 261 Lacinia Rd.",Brussegem,40672
 Phelan O.,Rollins,1609127824,Walmart,natoque.penatibus@walmart.com,1-224-813-7157,"P.O. Box 312, 602 Pharetra Ave",Sanzeno,97182
 Madaline Z.,Small,1565293452,Target,tellus.faucibus@target.com,1-145-668-9431,"P.O. Box 451, 9272 Dictum Ave",Rawalakot,78022
 Harriet E.,Barr,1621553210,Ericsson,libero.est.congue@ericsson.com,1-786-615-4401,"991-4958 Ut, Ave",Delicias,27258
 Kato E.,Waller,1601073115,Nokia,id.magna@nokia.com,1-992-343-7517,"P.O. Box 830, 3748 A, Road",Swan Hill,95230
 Ross U.,Blake,1572498694,Boeing,Nunc.quis@boeing.com,1-919-981-7780,Ap #819-8063 In Avenue,Caprino Bergamasco,59248
 Leo T.,Montoya,1607255719,Tesla,scelerisque.lorem@tesla.com,1-910-730-9217,7913 Vitae Road,Saint-Nicolas,44788
 Nash W.,Dickerson,1621487203,Space X,eu.accumsan.sed@space x.com,1-206-479-5997,3032 Etiam St.,Ancarano,73126
 Carl R.,Sandoval,1568493741,FedEx,urna.justo.faucibus@fedex.com,1-656-965-7296,"Ap #771-4726 Non, Road",Lac Ste. Anne,67707
 Sophia G.,Bass,1595120467,Walmart,pede@walmart.com,1-955-517-9035,360-8431 Tincidunt Road,Sukabumi,47323
 Katell W.,Klein,1595236915,Target,porttitor.tellus.non@target.com,1-954-308-7478,491-3104 Donec Av.,Spormaggiore,75712
 Remedios U.,Kane,1586853501,Ericsson,lacinia.Sed@ericsson.com,1-728-112-3754,Ap #220-2896 Aenean Street,Llanidloes,57161
 Emi A.,Hansen,1596321127,Nokia,dignissim.lacus@nokia.com,1-995-994-1808,"P.O. Box 776, 8799 Gravida. Street",Corbara,39107
 Hilel O.,Mcguire,1562482771,Boeing,scelerisque.neque.Nullam@boeing.com,1-994-196-1462,Ap #670-9984 Cursus Rd.,Alajuelita,33381
 Jacob E.,Leon,1562532172,Tesla,Phasellus.libero.mauris@tesla.com,1-547-457-4741,"766-8568 Amet, Avenue",Fort Good Hope,14379
 Tyrone K.,Cochran,1572465303,Space X,lectus.a@space x.com,1-676-251-6233,2420 Vestibulum. Street,Acosse,64040
 Addison G.,Parsons,1591079548,FedEx,rutrum.non.hendrerit@fedex.com,1-222-805-4954,4878 Tellus St.,Okigwe,63982
 Dalton U.,Ortega,1618832077,Walmart,sit@walmart.com,1-943-811-8580,"809-5288 Tempor, Ave",Davenport,47328
 McKenzie N.,Mcclure,1568096629,Target,a@target.com,1-153-896-9369,Ap #113-5532 Sit Rd.,Bruderheim,80300
 Vivian D.,Lang,1568398537,Ericsson,dapibus@ericsson.com,1-781-652-3811,280-9940 Tincidunt Rd.,Viesville,56115
 Vivien M.,Macias,1620771840,Nokia,massa.Vestibulum@nokia.com,1-310-888-3035,"2748 Cursus, Ave",Troon,52780
 Tucker K.,Dunlap,1597752925,Boeing,Cras@boeing.com,1-111-272-3374,4995 Praesent Road,Sunderland,82037
 Noah D.,Hale,1568127918,Tesla,elit@tesla.com,1-477-802-1736,"P.O. Box 977, 6418 Accumsan Rd.",Ehein,48532
 Oleg M.,Freeman,1619123539,Space X,morbi.tristique.senectus@space x.com,1-351-442-2990,769-1614 Cubilia Street,Bydgoszcz,93500
 Lev C.,Powell,1589727929,FedEx,odio.vel.est@fedex.com,1-799-148-0042,1847 A St.,Los Álamos,51574
 Keith D.,Meyer,1597431519,Walmart,ac.arcu@walmart.com,1-188-774-3019,Ap #852-4178 Justo Ave,Minneapolis,67959
 Kay K.,Joyce,1595017761,Target,non@target.com,1-892-980-5297,"P.O. Box 521, 5981 Etiam Street",Evansville,87933
 Baxter S.,Henson,1564009463,Ericsson,henson1@ericsson.com,1-987-375-8903,Ap #808-3175 Nullam Ave,Comox,71584
 Marny X.,Simon,1606877353,Nokia,erat@nokia.com,1-135-631-1902,Ap #322-9098 Natoque Avenue,Vigo,35912
 Julie N.,Mathis,1561294181,Boeing,mattis.Cras.eget@boeing.com,1-524-934-7302,9362 Tincidunt St.,Cuautla,92063
 Cynthia V.,Becker,1570015201,Tesla,Nam.nulla@tesla.com,1-521-840-2260,Ap #724-538 Dui. Road,Keumiee,78462
 Uma H.,Ramsey,1573360118,Space X,lacus.Cras.interdum@space x.com,1-213-922-6858,5295 Orci Ave,Vliermaalroot,63538
 Wylie M.,Buckner,1613253676,FedEx,et@fedex.com,1-179-638-8490,8890 Lacus. Av.,Ila,73157
 Tarik K.,Hess,1619131280,Walmart,erat@walmart.com,1-606-949-0321,"P.O. Box 436, 101 Vitae St.",New Orleans,50751
 Maggie C.,Allen,1592596708,Target,blandit.at@target.com,1-809-107-4489,717-1516 Mollis St.,Combarbalá,55511
 Willa O.,Contreras,1582617618,Ericsson,In.lorem@ericsson.com,1-297-805-3350,"Ap #951-174 Elementum, Rd.",Warisoulx,87526
 Aline C.,Frazier,1585232794,Nokia,Nunc.laoreet.lectus@nokia.com,1-627-942-5729,6884 Dui. Ave,Lasne,51876
 Erasmus P.,Freeman,1569694648,Boeing,turpis.egestas@boeing.com,1-891-188-0942,"P.O. Box 637, 6607 Vivamus St.",Vandoies/Vintl,18779
 Kermit E.,Calhoun,1610906365,Tesla,penatibus.et.magnis@tesla.com,1-173-169-6079,"P.O. Box 147, 8347 Mattis Rd.",Vizianagaram,14032
 Lara S.,Potts,1620994491,Space X,odio@space x.com,1-784-510-4750,1513 Neque St.,Mezzana,15033
 Shad M.,Hayes,1567819189,FedEx,nunc.ullamcorper@fedex.com,1-446-257-7092,9060 Dapibus St.,Mustafakemalpaşa,81510
 Colin X.,Henson,1581510168,Walmart,leo@walmart.com,1-723-193-6484,210-6684 Adipiscing Street,Jonesboro,61090
 Elton E.,Mayer,1588587235,Target,rutrum@target.com,1-187-870-2875,"P.O. Box 466, 1931 Sed Road",Froidchapelle,30134
 Graham P.,Frost,1592252135,Ericsson,varius.et@ericsson.com,1-457-836-8496,2034 Est Av.,Beaconsfield,94275
 Zeph V.,Mathis,1610788957,Nokia,luctus.ipsum@nokia.com,1-263-679-8787,Ap #619-1101 Aliquet Avenue,Idaho Falls,25970
 Meghan H.,Buckley,1604196476,Boeing,lorem@boeing.com,1-815-517-5163,"P.O. Box 647, 4424 In Rd.",Kamalia,21301
 Alma S.,Mcclain,1610217763,Tesla,ipsum.Suspendisse.non@tesla.com,1-876-425-6282,"P.O. Box 425, 6095 Elit St.",Salt Spring Island,53513
 Clementine T.,Brennan,1619849907,Space X,sapien.imperdiet.ornare@space x.com,1-805-575-4678,"P.O. Box 903, 5284 Lobortis Avenue",Rotorua,48923
 Abra I.,Irwin,1582746127,FedEx,eget@fedex.com,1-934-583-0374,"P.O. Box 223, 3023 Nulla Ave",Colina,98223
 Scott S.,Simon,1612306333,Walmart,velit@walmart.com,1-670-396-4579,8019 Eget Rd.,Castel Baronia,59764
 Gray T.,Cameron,1621604747,Target,Nulla.facilisi@target.com,1-154-664-0299,Ap #842-6955 Ac Road,Ammanford,88590
 Urielle F.,Melton,1568909107,Ericsson,ac.eleifend.vitae@ericsson.com,1-506-526-3463,2101 Ipsum. Rd.,Castello di Godego,14129
 Germane Z.,Gibson,1566287057,Nokia,neque.venenatis@nokia.com,1-112-818-8203,"P.O. Box 874, 9749 Aliquam Av.",Troon,63960
 Eliana S.,Conrad,1611696207,Boeing,erat.eget@boeing.com,1-426-864-2336,181-4556 Enim St.,Austin,94673
 Austin Q.,Pittman,1580628954,Tesla,felis@tesla.com,1-691-471-4532,2564 Mauris St.,Ludvika,45612
 Blake O.,West,1602257999,Space X,id@space x.com,1-604-634-8125,951-5252 Nunc Rd.,Carunchio,23643
 Hayden M.,Cross,1611351338,FedEx,erat.semper.rutrum@fedex.com,1-973-998-2432,656-3857 Vitae St.,Gualdo Tadino,34061
 Lucius B.,Randall,1589682086,Walmart,pede.Cum@walmart.com,1-102-109-9975,"P.O. Box 527, 8977 Purus, St.",Bowling Green,95505
 Jessica G.,Weber,1581684785,Target,luctus.aliquet.odio@target.com,1-920-822-3645,"P.O. Box 190, 248 Facilisis Road",Rockville,65727
 Dorian L.,Decker,1580241244,Ericsson,Lorem@ericsson.com,1-362-434-5192,2841 Etiam Av.,İslahiye,13747
 Harper P.,Price,1602392480,Nokia,ante@nokia.com,1-418-134-8555,Ap #336-5675 Diam Rd.,Roccanova,95435
 Jakeem Y.,Campbell,1567601153,Boeing,faucibus@boeing.com,1-841-770-7721,Ap #714-269 Curabitur St.,Payakumbuh,45340
 Derek Z.,Donovan,1578194475,Tesla,erat@tesla.com,1-416-984-5358,421-9960 Curabitur St.,Mandya,77713
 Martina A.,Warner,1572862085,Space X,laoreet.ipsum@space x.com,1-332-491-8290,"P.O. Box 511, 6473 A St.",Jandrain-Jandrenouille,36696
 Cecilia Z.,Hobbs,1594103355,FedEx,quis.accumsan.convallis@fedex.com,1-421-613-7053,294-4655 Turpis. Avenue,Gentinnes,63940
 Mark U.,Campbell,1569172851,Walmart,ornare.tortor@walmart.com,1-254-999-4296,"P.O. Box 157, 1033 Nunc Rd.",Anzio,89275
 Harper K.,Morrison,1605692030,Target,dolor.Nulla.semper@target.com,1-960-381-7215,Ap #409-7734 Lobortis Av.,Tambaram,59728
 Shaeleigh J.,Lee,1583250331,Ericsson,interdum.Sed.auctor@ericsson.com,1-357-522-7170,7012 Sit Av.,Monmouth,52253
 Simon U.,Golden,1596680729,Nokia,enim.commodo@nokia.com,1-854-186-6124,"P.O. Box 663, 3552 Mollis. Av.",San Joaquín,28461
 Cyrus D.,Sparks,1590482022,Boeing,Cum.sociis@boeing.com,1-430-381-4370,Ap #550-7512 Neque Street,Monte Giberto,23821
 Mia F.,Daniels,1619033700,Tesla,augue@tesla.com,1-460-904-1194,"P.O. Box 359, 754 Duis St.",Bevilacqua,23759
 Jarrod C.,Bryan,1606630538,Space X,tellus@space x.com,1-361-670-1662,409-2036 Ut Ave,Palu,74158
 Amena J.,Molina,1571732121,FedEx,netus.et@fedex.com,1-188-289-1891,"3685 Iaculis, Road",Sevastopol,52899
 Tanya T.,Merritt,1566947681,Walmart,hendrerit@walmart.com,1-575-131-9929,6490 Odio. Av.,Ulyanovsk,83293
 Owen J.,Hanson,1621794126,Target,lacus.pede@target.com,1-542-638-6382,Ap #820-766 Turpis Av.,Zuccarello,96891
 Dalton U.,Shepherd,1569598279,Ericsson,amet@ericsson.com,1-771-605-8949,796-6310 Eget Ave,Plymouth,48212
 Mari E.,Hoffman,1563450164,Nokia,massa.Integer.vitae@nokia.com,1-940-850-4934,8736 Lorem Rd.,Puyehue,26257
 Octavia C.,Barnett,1569332716,Boeing,Fusce@boeing.com,1-570-748-9567,Ap #191-9906 Risus Street,Pitlochry,44700
 Yoshi S.,Keith,1580085973,Tesla,aliquam.arcu.Aliquam@tesla.com,1-345-661-9411,703-7612 Malesuada St.,Curacautín,45801
 Allegra H.,Cooper,1596897264,Space X,lectus.pede.ultrices@space x.com,1-799-525-6878,159-330 Augue St.,Saint-Marcel,61442
 Micah X.,Lancaster,1584866094,FedEx,tellus@fedex.com,1-174-385-4410,Ap #100-4781 Ligula. St.,Glimes,58973
 Ora T.,Wolf,1586531339,Walmart,tristique.neque@walmart.com,1-372-672-0475,"P.O. Box 177, 1811 Amet Avenue",Brussel,66462
 Jin H.,Jimenez,1563521352,Target,faucibus.leo@target.com,1-181-425-2983,Ap #789-1568 Donec Av.,Lutsel K'e,51330
 Justina V.,Lester,1591586891,Ericsson,ipsum@ericsson.com,1-943-137-5053,8537 Ac Street,Loreto,60657